SQL> SELECT * FROM DEPARTAMENTO;

        CD D                                                                                                                                                                                            
---------- ------------------------------------------------------------                                                                                                                                 
         1 ANALISIS MATEMATICO                                                                                                                                                                          
         2 ASTROFISICA                                                                                                                                                                                  
         3 ESTADISTICA,INVESTIGACION OPERATIVA Y COMPUTACION                                                                                                                                            
         4 MATEMATICA FUNDAMENTAL                                                                                                                                                                       

SQL> SELECT * FROM AREA;

       CAR AR                                                                   CD                                                                                                                      
---------- ------------------------------------------------------------ ----------                                                                                                                      
         1 ALGEBRA                                                               4                                                                                                                      
         2 ANALISIS MATEMATICO                                                   1                                                                                                                      
         3 ASTRONOMIA Y ASTROFISICA                                              2                                                                                                                      
         4 CIENCIAS DE LA COMPUTACION E INTELIGENCIA ARTIFICIAL                  3                                                                                                                      
         5 DIDACTICA DE LA MATEMATICA                                            1                                                                                                                      
         6 ESTADISTICA E INVESTIGACION OPERATIVA                                 3                                                                                                                      
         7 LENGUAJES Y SISTEMAS INFORMATICOS                                     3                                                                                                                      
         8 MATEMATICA APLICADA                                                   1                                                                                                                      

8 rows selected.

SQL> SELECT * FROM PROFESOR;

       DNI P                                                                   CAR CAT                                                                                                                  
---------- ------------------------------------------------------------ ---------- -----                                                                                                                
      1111 JUAN                                                                  6 CU                                                                                                                   
      2222 CARLOS                                                                7 TU                                                                                                                   
      3333 PEDRO                                                                 4 TEU                                                                                                                  
      4444 MARIA                                                                 7 TU                                                                                                                   
      5555 IVAN                                                                  1 CEU                                                                                                                  
      6666 CARMEN                                                                3 CD                                                                                                                   
      7777 MARIO                                                                 2 TU                                                                                                                   
      8888 FRANCISCO                                                             5 TU                                                                                                                   
      9999 ANGELA                                                                8 TEU                                                                                                                  
      1010 DAVID                                                                 4 TU                                                                                                                   
      2020 SOLEDAD                                                               7 CU                                                                                                                   

       DNI P                                                                   CAR CAT                                                                                                                  
---------- ------------------------------------------------------------ ---------- -----                                                                                                                
      3030 JOSE MANUEL                                                           6 TEU                                                                                                                  

12 rows selected.

SQL> SELECT * FROM ASIGNATURA;

       CAS A                                                  T           CUR        CAR         CT         CP         CL                                                                               
---------- -------------------------------------------------- ---- ---------- ---------- ---------- ---------- ----------                                                                               
         1 BASES DE DATOS                                     GII           3          7          3        1.5        1.5                                                                               
         2 INTELIGENCIA ARTIFICIAL                            GII           3          4        1.5        1.5          3                                                                               
         3 ALMACENES DE DATOS                                 MII           1          7        1.5          0        1.5                                                                               
         4 MINERIA DE DATOS                                   MII           1          7        1.5          0        1.5                                                                               
         5 INFORMATICA BASICA                                 GII           1          7          3        1.5        1.5                                                                               
         6 ALGEBRA                                            GII           1          1          3          3          0                                                                               
         8 OPTIMIZACION                                       GII           1          6          3        1.5        1.5                                                                               
         9 GESTION DE RIESGOS                                 GII           3          4          3          0          3                                                                               
        10 ASTRONOMIA                                         GF            2          3          3        1.5        1.5                                                                               
        11 ENSENANZA DE LA MATEMATICA                         GM            2          5          6          0          0                                                                               
        12 ANALISIS COMPLEJO                                  GM            4          2        4.5          3          0                                                                               

       CAS A                                                  T           CUR        CAR         CT         CP         CL                                                                               
---------- -------------------------------------------------- ---- ---------- ---------- ---------- ---------- ----------                                                                               
         7 CALCULO                                            GII           1          8          3          3          0                                                                               

12 rows selected.

SQL> SELECT * FROM PROFESOR;

       DNI P                                                                   CAR CAT                                                                                                                  
---------- ------------------------------------------------------------ ---------- -----                                                                                                                
      1111 JUAN                                                                  6 CU                                                                                                                   
      2222 CARLOS                                                                7 TU                                                                                                                   
      3333 PEDRO                                                                 4 TEU                                                                                                                  
      4444 MARIA                                                                 7 TU                                                                                                                   
      5555 IVAN                                                                  1 CEU                                                                                                                  
      6666 CARMEN                                                                3 CD                                                                                                                   
      7777 MARIO                                                                 2 TU                                                                                                                   
      8888 FRANCISCO                                                             5 TU                                                                                                                   
      9999 ANGELA                                                                8 TEU                                                                                                                  
      1010 DAVID                                                                 4 TU                                                                                                                   
      2020 SOLEDAD                                                               7 CU                                                                                                                   

       DNI P                                                                   CAR CAT                                                                                                                  
---------- ------------------------------------------------------------ ---------- -----                                                                                                                
      3030 JOSE MANUEL                                                           6 TEU                                                                                                                  

12 rows selected.

SQL> SPOOL OFF;
